accountId,country,registrationTime,iswholesale,lastLoginTime,totalBuyCount,totalPaiedAmount,islosser
1,2,2015/8/26 20:56,1,2017/6/6 9:42,13,185.313725,0
2,2,2015/8/26 22:53,0,2017/6/19 17:49,,,0
3,2,2015/8/27 9:44,0,2017/8/22 23:10,7,48.705882,0
4,2,2015/8/27 15:09,0,2018/10/3 19:30,46,454.054902,0
5,2,2015/8/27 15:42,0,2018/9/25 9:43,5,181.019608,0
6,2,2015/8/27 17:09,0,2016/11/3 16:24,1,3.333333,0
7,2,2015/8/27 17:45,0,2017/6/28 16:00,9,74.862745,0
8,2,2015/8/27 17:51,0,2017/2/20 15:11,6,44,0
9,2,2015/8/27 18:24,0,2018/10/5 13:48,41,272.204314,1
10,2,2015/8/28 16:35,0,2016/5/24 10:50,3,13.254902,0
11,2,2015/8/29 22:12,0,2016/9/26 12:12,,,0
17,2,2015/8/31 14:08,0,2017/5/7 2:09,1,2.705882,0
20,2,2015/8/31 14:40,0,2017/4/24 14:07,,,0
22,2,2015/8/31 21:11,0,2017/2/3 17:02,52,257.411765,0
38,2,2015/9/2 20:35,0,2016/4/7 14:16,1,5.411765,0
39,2,2015/9/3 1:02,1,2018/10/5 2:48,47,243.768627,1
46,2,2015/9/7 8:26,0,2016/4/7 14:16,,,0
47,2,2015/9/7 10:37,0,2017/6/14 18:00,,,0
51,2,2015/9/7 15:25,0,2016/10/12 2:20,,,0
53,2,2015/9/7 16:35,0,2018/9/29 16:23,,,0
69,2,2016/4/7 12:27,0,2016/8/25 12:01,,,0
76,2,2015/9/18 1:55,0,2017/7/6 12:59,12,83.921569,0
81,2,2016/4/7 12:27,0,2016/4/7 14:16,,,0
84,2,2015/9/20 16:44,0,2016/4/7 14:16,,,0
90,2,2015/9/22 11:35,0,2016/4/7 14:16,,,0
92,2,2015/9/23 0:11,0,2016/4/7 14:16,4,12.117647,0
93,2,2016/4/7 12:27,0,2016/4/7 14:16,,,0
94,2,2015/9/23 22:37,0,2016/4/7 14:16,2,1.490196,0
95,2,2015/9/23 23:12,0,2016/4/7 14:16,,,0
97,2,2015/9/23 23:46,0,2016/10/18 0:36,11,36.117647,0
98,2,2015/9/24 1:23,0,2016/4/7 14:16,,,0
99,2,2015/9/24 1:25,0,2016/4/7 14:16,5,11.921569,0
100,2,2015/9/24 1:37,0,2016/4/7 14:16,4,15.882353,0
101,2,2015/9/24 2:39,0,2016/4/7 14:16,,,0
102,2,2015/9/24 13:31,0,2016/4/7 14:16,,,0
103,2,2015/9/24 15:29,0,2016/4/7 14:16,9,114.235294,0
104,2,2015/9/24 15:43,0,2016/12/6 3:27,14,107.176471,0
109,2,2015/9/24 18:00,0,2017/3/3 11:04,,,0
110,2,2015/9/24 18:05,0,2016/4/7 14:16,,,0
111,2,2015/9/24 19:01,0,2016/4/7 14:16,,,0
112,2,2015/9/24 19:09,0,2016/4/7 14:16,6,67.843137,0
113,2,2015/9/24 19:26,0,2018/9/21 21:18,14,36.392157,0
114,2,2015/9/24 20:00,0,2016/9/27 7:31,16,105.215686,0
115,2,2016/4/7 12:27,0,2016/4/7 14:16,,,0
116,2,2015/9/24 22:42,0,2016/5/30 20:19,20,222.666667,0
117,2,2015/9/24 23:02,0,2016/11/5 18:40,11,88.823529,0
118,2,2015/9/25 0:26,0,2018/8/6 11:03,14,91.372549,0
119,2,2015/9/25 0:36,0,2016/4/7 14:16,,,0
122,2,2015/9/25 6:10,0,2016/4/7 14:16,,,0
123,2,2015/9/25 13:45,0,2016/4/7 14:16,,,0
124,2,2015/9/25 14:08,0,2016/8/3 16:35,,,0
125,2,2015/9/25 14:22,0,2016/4/7 14:16,,,0
126,2,2015/9/25 14:50,0,2016/6/13 17:59,13,164.509804,0
127,2,2015/9/25 15:00,0,2017/11/28 22:38,,,0
128,2,2015/9/25 15:28,1,2018/8/6 11:04,37,363.791373,1
130,2,2015/9/25 16:42,0,2016/4/7 14:16,,,0
131,2,2015/9/25 17:01,0,2016/4/7 14:16,,,0
132,2,2015/9/25 17:29,0,2016/4/7 14:16,,,0
133,2,2015/9/25 17:54,0,2016/4/7 14:16,,,0
134,2,2015/9/25 18:01,1,2018/8/18 3:36,9,53.529412,0
135,2,2015/9/25 18:39,0,2016/4/7 14:16,,,0
136,2,2015/9/25 18:55,0,2016/4/7 14:16,,,0
137,2,2015/9/25 19:02,0,2016/6/18 15:45,8,97.607843,0
138,2,2015/9/25 19:27,0,2016/4/7 14:16,,,0
139,2,2015/9/25 19:30,0,2016/9/20 18:56,,,0
140,2,2015/9/25 19:48,0,2016/4/7 14:16,1,2.509804,0
141,2,2015/9/25 20:07,0,2016/9/5 3:00,1,0,0
142,2,2015/9/25 20:35,0,2016/4/7 14:16,,,0
143,2,2015/9/25 20:43,0,2016/10/18 3:20,,,0
144,2,2015/9/25 21:21,0,2016/4/7 14:16,,,0
145,2,2015/9/25 21:32,0,2016/4/7 14:16,,,0
146,2,2015/9/25 21:37,0,2016/4/7 14:16,,,0
147,2,2015/9/25 22:43,0,2016/8/22 4:56,3,52.980392,0
148,2,2015/9/26 0:47,0,2016/4/7 14:16,,,0
149,2,2015/9/26 1:19,0,2016/4/7 14:16,,,0
150,2,2015/9/26 3:01,0,2016/4/7 14:16,,,0
151,2,2015/9/26 15:08,0,2016/4/7 14:16,,,0
153,2,2015/9/26 23:16,0,2016/10/17 17:40,6,44.313725,0
154,2,2015/9/27 0:05,0,2016/4/7 14:16,,,0
155,2,2015/9/27 0:13,0,2016/4/7 14:16,,,0
156,2,2016/4/7 12:27,0,2016/4/7 14:16,,,0
157,2,2015/9/27 0:46,0,2016/4/7 14:16,,,0
158,2,2015/9/27 1:27,0,2016/4/7 14:16,,,0
159,2,2015/9/27 1:36,0,2016/4/7 14:16,,,0
160,2,2015/9/27 3:52,0,2016/4/7 14:16,,,0
161,2,2015/9/27 12:03,0,2016/4/7 14:16,3,9.72549,0
162,2,2016/4/7 12:27,0,2016/7/6 15:56,,,0
163,2,2015/9/27 13:19,1,2018/10/5 4:02,127,629.878431,1
164,2,2015/9/27 15:22,0,2016/4/7 14:16,,,0
166,2,2015/9/27 16:13,0,2016/4/7 14:16,,,0
167,2,2015/9/27 16:28,0,2016/4/7 14:16,,,0
168,2,2015/9/27 18:02,0,2016/4/7 14:16,,,0
169,2,2015/9/27 18:15,0,2016/11/4 19:55,10,54.705882,0
171,2,2015/9/28 13:21,0,2016/4/7 14:16,,,0
172,2,2015/9/28 14:43,0,2016/4/7 14:16,,,0
173,2,2015/9/28 19:30,0,2016/4/7 14:16,,,0
174,2,2015/9/28 20:34,0,2016/4/7 14:16,97,1211.137255,0
176,2,2015/9/28 22:22,0,2016/4/7 14:16,,,0
177,2,2015/9/28 22:27,0,2016/4/7 14:16,2,12.352941,0
178,2,2015/9/28 22:32,0,2016/4/7 14:16,,,0
179,2,2015/9/29 0:08,0,2016/10/13 0:01,5,9.529412,0
180,2,2015/9/29 0:11,0,2016/4/7 14:16,,,0
182,2,2015/9/29 3:10,0,2016/4/7 14:16,,,0
183,2,2015/9/29 18:20,0,2016/12/22 13:02,2,11.529412,0
184,2,2015/9/29 20:02,0,2016/4/7 14:16,,,0
185,2,2015/9/30 3:29,0,2016/4/7 14:16,,,0
186,2,2015/9/30 18:44,0,2018/1/4 19:26,6,33.964706,0
187,2,2015/9/30 20:30,0,2016/4/7 14:16,,,0
188,2,2015/9/30 20:41,0,2017/11/12 17:00,5,17.34902,0
189,2,2015/10/1 2:25,0,2016/4/7 14:16,1,4.313725,0
190,2,2015/10/1 2:31,1,2018/10/2 0:08,46,542.643137,1
191,2,2015/10/1 3:23,0,2018/9/27 20:08,11,108.784314,0
193,2,2015/10/1 13:51,1,2018/8/6 16:36,58,435.401961,0
197,2,2015/10/2 1:19,0,2016/4/7 14:16,1,8.823529,0
199,2,2015/10/2 18:06,0,2016/4/7 14:16,1,0.705882,0
200,2,2015/10/2 18:18,0,2016/4/7 14:16,,,0
201,2,2015/10/2 19:47,0,2017/9/29 0:28,6,16.94902,0
202,2,2016/4/7 12:27,0,2016/4/7 14:16,,,0
203,2,2015/10/2 20:20,1,2017/2/12 18:44,58,457.013725,0
204,2,2015/10/2 22:17,0,2016/4/7 14:16,1,0,0
207,2,2015/10/3 4:46,0,2016/4/7 14:16,1,8.627451,0
208,2,2015/10/3 4:56,0,2018/9/14 12:44,2,3.470588,0
209,2,2016/4/7 12:27,0,2016/4/7 14:16,,,0
210,2,2015/10/3 12:06,0,2016/4/7 14:16,,,0
211,2,2016/4/7 12:27,0,2016/4/7 14:16,,,0
212,2,2015/10/3 13:30,0,2016/4/7 14:16,,,0
213,2,2015/10/3 15:12,0,2016/4/7 14:16,,,0
214,2,2016/4/7 12:27,0,2016/4/7 14:16,,,0
216,2,2015/10/3 19:43,0,2016/4/7 14:16,,,0
217,2,2015/10/3 19:44,0,2016/4/7 14:16,4,19.882353,0
218,2,2016/4/7 12:27,0,2016/4/7 14:16,,,0
219,2,2015/10/3 23:16,0,2016/4/7 14:16,,,0
222,2,2016/4/7 12:27,0,2016/4/7 14:16,1,9.411765,0
223,2,2016/4/7 12:27,0,2016/4/7 14:16,,,0
226,2,2015/10/4 16:52,0,2016/4/7 14:16,,,0
230,2,2015/10/5 15:06,0,2016/10/7 3:06,,,0
231,2,2015/10/5 15:44,0,2018/10/2 15:30,19,56.980392,0
232,2,2015/10/5 15:50,0,2016/4/7 14:16,,,0
233,2,2016/4/7 12:27,0,2016/7/5 18:07,,,0
235,2,2015/10/5 21:28,0,2018/10/2 20:10,49,268.792157,0
237,2,2015/10/6 0:26,0,2016/4/7 14:16,8,34.156863,0
238,2,2015/10/6 0:45,0,2017/10/4 15:22,23,179.019608,0
240,2,2015/10/6 13:23,0,2016/4/7 14:16,6,17.882353,0
241,2,2015/10/6 14:26,1,2018/9/27 18:55,23,130.05098,0
242,2,2015/10/6 14:41,0,2016/4/7 14:16,,,0
243,2,2015/10/6 15:00,0,2016/4/7 14:16,,,0
244,2,2015/10/6 17:06,0,2016/4/7 14:16,,,0
245,2,2015/10/6 18:13,0,2016/4/7 14:16,12,50.745098,0
246,2,2015/10/6 18:19,0,2016/4/7 14:16,17,81.098039,0
248,2,2015/10/6 18:22,0,2016/4/7 14:16,17,54.509804,0
249,2,2015/10/6 18:32,0,2016/4/7 14:16,,,0
250,2,2015/10/6 18:38,0,2017/4/5 20:47,16,77.607843,0
253,2,2015/10/7 1:03,0,2016/10/18 3:07,20,105.72549,0
254,2,2015/10/7 1:14,0,2016/4/7 14:16,2,0,0
255,2,2015/10/7 2:30,0,2016/4/7 14:16,,,0
256,2,2015/10/7 4:56,0,2016/10/9 5:31,,,0
257,2,2015/10/7 5:04,1,2018/10/5 1:20,56,291.713725,0
258,2,2015/10/7 12:39,0,2018/9/27 14:40,19,150.941176,1
259,2,2015/10/7 15:56,1,2016/7/11 15:06,37,196.509804,0
260,2,2015/10/7 16:48,0,2016/4/7 14:16,,,0
262,2,2015/10/7 18:38,0,2017/12/10 20:49,11,65.686275,0
265,2,2015/10/7 23:31,0,2017/6/19 2:49,13,78.980392,0
266,2,2016/4/7 12:27,0,2017/2/6 22:04,2,5.647059,0
267,2,2015/10/8 1:33,1,2018/9/7 0:30,26,152.843922,1
268,2,2015/10/8 2:19,0,2016/4/7 14:16,,,0
269,2,2015/10/8 15:18,0,2016/4/7 14:16,,,0
271,2,2015/10/8 15:50,0,2016/4/7 14:16,,,0
272,2,2015/10/8 17:28,0,2016/8/26 13:40,,,0
273,2,2015/10/8 18:04,0,2016/4/7 14:16,,,0
274,2,2015/10/8 20:10,1,2018/10/4 3:03,73,641.247059,0
275,2,2015/10/8 22:58,0,2016/4/7 14:16,1,16.941176,0
276,2,2015/10/9 0:08,0,2016/10/13 18:54,1,4.313725,0
278,2,2015/10/9 1:11,0,2016/4/7 14:16,2,10.627451,0
279,2,2015/10/9 1:28,0,2016/4/7 14:16,6,31.098039,0
281,2,2015/10/9 1:54,0,2016/4/7 14:16,,,0
282,2,2015/10/9 2:04,0,2016/4/7 14:16,1,15.333333,0
283,2,2016/4/7 12:27,0,2016/4/7 14:16,,,0
284,2,2015/10/9 2:11,0,2016/4/7 14:16,,,0
285,2,2015/10/9 2:33,0,2016/4/7 14:16,5,45.960784,0
286,2,2016/4/7 12:27,0,2018/9/1 20:41,1,5.647059,0
287,2,2015/10/9 8:11,0,2018/10/3 15:08,5,23.125882,1
288,2,2016/4/7 12:27,0,2016/4/7 14:16,,,0
289,2,2015/10/9 10:58,0,2016/4/7 14:16,,,0
290,2,2015/10/9 12:22,1,2018/9/16 3:38,29,137.60549,0
291,2,2016/4/7 12:27,0,2017/11/20 3:38,1,24.823529,0
293,2,2015/10/9 14:00,0,2016/10/27 8:18,4,11.45098,0
295,2,2015/10/9 16:53,0,2016/4/7 14:16,,,0
296,2,2015/10/9 17:50,0,2017/2/8 16:25,4,57.764706,0
297,2,2015/10/9 17:58,0,2017/9/13 14:51,1,0.705882,0
298,2,2015/10/9 18:01,0,2016/4/7 14:16,1,4.313725,0
299,2,2015/10/9 18:48,0,2016/5/24 23:26,20,97.529412,0
300,2,2015/10/9 18:51,0,2016/4/7 14:16,1,16.235294,0
301,2,2015/10/9 19:01,0,2016/10/18 12:10,2,32.27451,0
302,2,2015/10/9 19:12,0,2016/4/7 14:16,,,0
303,2,2015/10/9 19:32,0,2016/4/7 14:16,8,53.72549,0
304,2,2015/10/9 19:41,0,2016/4/7 14:16,,,0
305,2,2016/4/7 12:27,0,2016/4/7 14:16,,,0
306,2,2016/4/7 12:27,0,2016/4/7 14:16,,,0
307,2,2015/10/9 19:59,0,2016/4/7 14:16,15,118,0
308,2,2015/10/9 20:03,0,2016/4/7 14:16,33,193.137255,0
309,2,2015/10/9 21:07,0,2016/4/7 14:16,,,0
310,2,2016/4/7 12:27,0,2016/4/7 14:16,,,0
311,2,2015/10/9 22:57,0,2016/4/7 14:16,,,0
312,2,2015/10/9 23:21,0,2016/4/7 14:16,1,7.215686,0
313,2,2015/10/9 23:41,0,2016/4/7 14:16,1,0.705882,0
315,2,2015/10/10 2:18,0,2016/4/7 14:16,1,0,0
316,2,2015/10/10 2:43,0,2016/10/16 0:29,4,12.431373,0
317,2,2015/10/10 4:15,0,2018/10/5 13:32,2,10.332549,0
318,2,2015/10/10 12:27,1,2018/9/26 15:34,15,81.594118,1
319,2,2015/10/10 12:51,0,2016/10/18 2:38,1,14.431373,0
320,2,2015/10/10 16:50,0,2016/4/7 14:16,3,6.980392,0
321,2,2016/4/7 12:27,0,2016/4/7 14:16,,,0
322,2,2015/10/10 19:30,0,2016/4/7 14:16,,,0
323,2,2015/10/10 20:37,0,2016/4/7 14:16,,,0
324,2,2016/4/7 12:27,0,2016/4/7 14:16,,,0
326,2,2015/10/11 0:08,0,2016/4/7 14:16,,,0
327,2,2015/10/11 0:26,0,2016/4/7 14:16,,,0
328,2,2015/10/11 1:28,0,2016/4/7 14:16,,,0
329,2,2016/4/7 12:27,0,2016/4/7 14:16,,,0
330,2,2015/10/11 3:46,0,2016/4/7 14:16,4,18.54902,0
331,2,2015/10/11 16:21,0,2016/4/7 14:16,,,0
332,2,2015/10/11 16:23,0,2016/4/7 14:16,,,0
333,2,2015/10/11 20:00,0,2018/10/5 5:52,2,10.196078,0
334,2,2015/10/11 20:35,1,2017/12/10 22:16,33,202.470588,0
335,2,2015/10/11 22:41,0,2016/4/7 14:16,,,0
336,2,2015/10/11 23:28,0,2016/4/7 14:16,1,2.509804,0
337,2,2015/10/12 16:37,0,2016/4/7 14:16,,,0
338,2,2015/10/12 19:28,0,2016/4/7 14:16,,,0
339,2,2015/10/12 19:36,0,2016/8/27 12:46,,,0
340,2,2015/10/12 20:20,0,2016/10/15 1:21,,,0
341,2,2015/10/12 20:48,0,2016/4/7 14:16,1,4.509804,0
345,2,2015/10/12 21:48,0,2016/4/7 14:16,,,0
349,2,2015/10/12 22:29,0,2016/4/7 14:16,,,0
350,2,2015/10/13 1:40,0,2016/4/7 14:16,1,4.509804,0
367,2,2015/10/13 17:26,0,2018/9/29 18:32,3,13.958824,0
377,2,2015/10/13 19:49,0,2016/4/7 14:16,3,45.098039,0
378,2,2015/10/13 20:46,1,2018/9/30 0:50,33,265.072549,1
379,2,2015/10/13 21:35,0,2017/3/28 11:28,2,9.882353,0
385,2,2015/10/14 3:00,1,2016/12/1 5:55,56,193.686275,0
386,2,2015/10/14 3:09,0,2016/4/7 14:16,,,0
388,2,2015/10/14 12:54,0,2016/4/7 14:16,25,145.647059,0
392,2,2015/10/14 18:48,0,2016/4/7 14:16,4,19.411765,0
393,2,2015/10/14 18:54,0,2016/5/17 13:31,4,27.764706,0
395,2,2015/10/14 20:33,0,2016/4/7 14:16,,,0
396,2,2015/10/14 21:07,0,2016/5/1 1:37,3,14.54902,0
397,2,2015/10/14 21:19,0,2017/6/20 1:33,,,0
398,2,2015/10/14 21:31,0,2016/4/7 14:16,,,0
399,2,2015/10/14 21:32,0,2016/10/15 0:08,,,0
401,2,2015/10/14 22:16,0,2016/12/29 15:15,20,65.215686,0
402,2,2015/10/14 22:30,0,2016/10/18 1:59,4,36.862745,0
403,2,2015/10/14 22:43,0,2016/4/7 14:16,,,0
404,2,2015/10/14 23:30,0,2016/5/4 18:05,,,0
405,2,2015/10/15 0:00,0,2016/4/15 14:37,9,61.72549,0
406,2,2015/10/15 0:33,0,2016/4/7 14:16,,,0
407,2,2016/4/7 12:27,0,2016/11/22 17:17,,,0
408,2,2015/10/15 2:08,0,2016/7/2 21:35,10,73.176471,0
409,2,2015/10/15 3:08,0,2016/4/7 14:16,4,0,0
412,2,2015/10/15 12:25,0,2016/5/12 3:53,13,185.764706,0
413,2,2015/10/15 14:36,0,2016/4/7 14:16,,,0
414,2,2015/10/15 14:42,0,2016/7/14 17:01,8,41.960784,0
415,2,2015/10/15 15:06,0,2016/4/7 14:16,8,9.960784,0
417,2,2015/10/15 18:24,0,2016/12/17 4:12,10,74.705882,0
418,2,2015/10/15 22:40,0,2018/10/3 3:12,,,0
419,2,2015/10/15 23:43,0,2016/4/7 14:16,,,0
420,2,2015/10/16 1:49,0,2016/4/7 14:16,1,5.411765,0
421,2,2015/10/16 12:12,0,2016/4/7 14:16,1,0,0
422,2,2015/10/16 12:24,0,2017/2/5 3:31,,,0
423,2,2015/10/16 15:28,0,2016/5/30 20:08,6,16.313725,0
426,2,2015/10/16 18:28,0,2016/4/7 14:16,,,0
427,2,2015/10/16 18:43,0,2016/4/7 14:16,3,36.784314,0
428,2,2015/10/16 18:59,0,2016/4/7 14:16,,,0
429,2,2015/10/16 19:21,0,2016/4/7 14:16,3,7.921569,0
431,2,2015/10/16 19:47,0,2016/4/7 14:16,,,0
432,2,2015/10/16 20:07,0,2016/4/7 14:16,3,28.666667,0
433,2,2015/10/16 20:25,0,2016/4/7 14:16,9,85.333333,0
434,2,2015/10/16 21:16,0,2016/4/7 14:16,,,0
436,2,2015/10/16 22:03,0,2016/4/7 14:16,,,0
437,2,2015/10/16 22:11,0,2016/4/7 14:16,2,3.607843,0
439,2,2015/10/16 23:21,0,2016/7/30 17:52,,,0
440,2,2015/10/16 23:25,0,2016/4/7 14:16,2,9.019608,0
442,2,2017/2/23 15:08,0,2017/4/2 20:26,7,43.764706,0
443,2,2015/10/16 23:43,0,2016/4/7 14:16,,,0
446,2,2015/10/17 1:15,0,2018/10/2 3:58,8,27.45098,0
447,2,2015/10/17 1:23,0,2016/4/7 14:16,,,0
448,2,2015/10/17 2:02,0,2016/4/7 14:16,,,0
450,2,2015/10/17 2:35,0,2016/4/7 14:16,,,0
460,2,2015/10/17 16:33,0,2016/4/7 14:16,4,28.313725,0
461,2,2015/10/17 16:35,1,2018/10/5 5:52,90,421.309804,1
462,2,2015/10/17 16:58,1,2017/11/27 19:50,59,429.770588,0
463,2,2015/10/17 18:25,0,2016/4/7 14:16,,,0
465,2,2015/10/17 19:40,0,2016/4/7 14:16,4,20.392157,0
467,2,2015/10/17 20:27,0,2016/4/7 14:16,1,9.019608,0
470,2,2015/10/17 21:16,0,2018/9/30 5:57,21,112.219608,1
471,2,2015/10/17 21:20,0,2016/9/21 12:35,1,7.019608,0
472,2,2015/10/17 21:42,0,2016/4/7 14:16,1,1.607843,0
473,2,2015/10/17 21:54,0,2016/4/7 14:16,,,0
474,2,2015/10/17 22:08,0,2016/4/7 14:16,,,0
476,2,2015/10/18 0:57,0,2016/4/7 14:16,,,0
481,2,2015/10/18 12:50,0,2016/4/7 14:16,5,30.666667,0
484,2,2015/10/18 15:13,0,2016/4/7 14:16,,,0
486,2,2015/10/18 17:58,0,2018/9/27 20:40,1,4.313725,0
487,2,2015/10/18 18:25,0,2016/4/7 14:16,9,72.862745,0
488,2,2017/2/5 0:41,0,2017/12/5 18:18,12,119.176471,0
494,2,2015/10/18 22:58,0,2016/10/18 4:22,,,0
496,2,2015/10/18 23:13,0,2016/4/7 14:16,,,0
498,2,2015/10/18 23:35,0,2016/4/7 14:16,,,0
504,2,2015/10/19 0:35,0,2016/4/7 14:16,,,0
506,2,2015/10/19 1:12,0,2016/4/7 14:16,1,0,0
514,2,2015/10/19 11:39,0,2016/4/7 14:16,,,0
515,2,2015/10/19 11:43,0,2016/4/7 14:16,,,0
518,2,2015/10/19 12:47,0,2016/4/7 14:16,,,0
525,2,2015/10/19 16:22,0,2016/4/7 14:16,,,0
532,2,2015/10/19 19:17,0,2016/4/7 14:16,,,0
534,2,2015/10/19 19:35,0,2016/4/7 14:16,,,0
538,2,2015/10/19 20:56,0,2016/4/7 14:16,7,44.705882,0
539,2,2015/10/19 21:27,0,2017/7/25 18:12,12,107.490196,0
546,2,2015/10/19 23:13,0,2016/4/7 14:16,1,20.54902,0
547,2,2015/10/19 23:15,0,2016/4/7 14:16,,,0
550,2,2015/10/20 0:26,0,2016/4/7 14:16,,,0
551,2,2015/10/20 0:44,0,2016/4/7 14:16,,,0
556,2,2015/10/20 3:42,0,2016/4/7 14:16,,,0
562,2,2015/10/20 16:40,0,2018/10/4 4:05,7,71.176471,0
563,2,2015/10/20 16:55,0,2016/4/7 14:16,1,4.509804,0
564,2,2015/10/20 17:58,0,2016/4/7 14:16,,,0
565,2,2015/10/20 18:36,0,2016/7/29 10:22,,,0
572,2,2015/10/21 1:07,0,2016/4/7 14:16,,,0
580,2,2015/10/21 18:08,0,2016/4/7 14:16,,,0
583,2,2015/10/21 19:44,0,2016/4/7 14:16,2,9.019608,0
584,2,2015/10/21 20:03,0,2016/9/21 0:03,9,16.352941,0
587,2,2015/10/21 23:30,0,2016/4/7 14:16,,,0
588,2,2015/10/21 23:30,0,2016/4/7 14:16,,,0
589,2,2015/10/21 23:35,0,2016/4/7 14:16,,,0
590,2,2015/10/21 23:44,0,2016/4/7 14:16,,,0
591,2,2015/10/22 0:19,0,2016/10/16 16:11,16,92.705882,0
593,2,2015/10/22 1:23,0,2017/4/29 6:39,10,49.647059,0
595,2,2015/10/22 3:20,0,2018/9/20 5:42,12,58.573725,0
596,2,2015/10/22 4:51,0,2016/9/1 20:49,,,0
599,2,2015/10/22 13:40,0,2018/9/29 16:29,15,157.647059,0
601,2,2015/10/22 14:04,0,2016/4/7 14:16,4,32.039216,0
605,2,2015/10/22 15:51,0,2016/4/7 14:16,3,4.509804,0
607,2,2015/10/22 16:01,1,2018/10/5 4:27,228,1081.149804,1
608,2,2015/10/22 16:21,1,2017/11/28 0:36,90,751.823529,0
614,2,2015/10/22 19:18,0,2016/10/7 4:44,8,67.490196,0
617,2,2015/10/22 20:11,0,2016/4/7 14:16,,,0
620,2,2015/10/23 0:58,0,2016/4/7 14:16,11,60.823529,0
621,2,2015/10/23 2:08,0,2018/10/1 3:09,14,51.584314,0
624,2,2015/10/23 11:15,1,2017/12/2 6:57,14,122.682353,0
625,2,2017/11/5 18:01,0,2018/8/20 13:44,1,0.705882,0
627,2,2015/10/23 15:51,0,2016/4/7 14:16,1,0,0
628,2,2015/10/23 16:18,0,2016/12/17 15:01,,,0
629,2,2015/10/23 18:01,0,2016/4/7 14:16,,,0
631,2,2015/10/23 19:43,0,2016/4/7 14:16,1,12.627451,0
633,2,2015/10/23 20:30,0,2016/4/7 14:16,,,0
634,2,2015/10/23 21:02,0,2016/4/7 14:16,,,0
640,2,2015/10/23 23:30,0,2016/4/7 14:16,5,11.72549,0
642,2,2015/10/24 0:14,0,2016/4/7 14:16,,,0
645,2,2015/10/24 2:35,0,2016/4/7 14:16,2,6.313725,0
646,2,2015/10/24 2:42,0,2016/4/7 14:16,1,4.313725,0
650,2,2015/10/24 5:57,0,2017/12/2 3:49,5,29.764706,0
651,3,2015/10/24 11:15,0,2016/4/7 14:16,,,0
672,2,2015/10/25 16:17,0,2016/4/7 14:16,,,0
678,2,2015/10/25 20:38,0,2016/4/7 14:16,,,0
680,2,2015/10/25 20:45,0,2016/4/7 14:16,,,0
684,2,2015/10/26 0:09,0,2016/4/7 14:16,1,2.352941,0
697,2,2015/10/26 21:29,0,2018/9/24 4:55,6,13.656863,1
699,2,2015/10/26 22:37,0,2016/4/7 14:16,6,29.254902,0
700,2,2015/10/26 23:25,0,2016/4/7 14:16,,,0
702,2,2015/10/27 0:55,0,2016/7/31 1:44,,,0
703,2,2015/10/27 1:16,0,2016/6/29 17:18,,,0
706,3,2015/10/27 14:22,0,2018/10/1 23:47,14,156.263529,0
707,3,2015/10/27 16:11,0,2016/4/7 14:16,,,0
709,2,2015/10/27 21:17,0,2016/4/7 14:16,5,24.784314,0
710,3,2015/10/27 21:53,0,2016/4/7 14:16,8,56.235294,0
712,3,2015/10/27 22:50,0,2016/4/7 14:16,2,21.647059,0
713,3,2015/10/27 22:59,0,2016/4/7 14:16,,,0
714,3,2015/10/27 23:19,0,2016/10/14 12:33,4,44.517647,0
716,2,2015/10/28 0:32,0,2016/8/13 4:26,,,0
719,3,2015/10/28 3:15,0,2016/4/7 14:16,,,0
720,2,2015/10/28 3:33,0,2016/4/24 15:16,5,19.843137,0
724,3,2015/10/28 16:51,0,2016/4/7 14:16,,,0
726,3,2015/10/28 18:48,0,2016/4/7 14:16,,,0
728,2,2015/10/28 22:25,0,2016/4/7 14:16,,,0
730,2,2015/10/28 23:06,0,2016/4/7 14:16,1,12.54902,0
738,3,2015/10/29 14:55,0,2016/5/7 15:51,11,112.470588,0
743,2,2015/10/29 20:23,0,2016/4/7 14:16,,,0
747,3,2015/10/29 23:46,0,2016/4/7 14:16,,,0
748,3,2015/10/30 0:22,0,2016/11/24 20:13,,,0
751,2,2015/10/30 1:58,0,2016/4/7 14:16,,,0
752,2,2015/10/30 1:58,0,2016/10/13 22:35,,,0
753,2,2015/10/30 2:21,0,2016/4/7 14:16,,,0
756,3,2015/10/30 4:03,0,2016/4/7 14:16,,,0
757,3,2015/10/30 4:30,0,2016/4/7 14:16,,,0
758,3,2015/10/30 6:17,0,2018/8/3 2:15,1,2.823529,0
759,3,2015/10/30 7:47,0,2016/4/7 14:16,,,0
760,2,2015/10/30 11:29,0,2016/4/7 14:16,4,78.431373,0
761,3,2015/10/30 13:40,0,2016/8/11 11:01,15,138.352941,0
762,2,2015/10/30 13:41,0,2016/4/7 14:16,,,0
766,3,2015/10/30 15:01,0,2016/4/7 14:16,1,9.411765,0
768,3,2015/10/30 15:29,0,2016/4/10 20:45,,,0
769,2,2015/10/30 15:36,0,2016/4/7 14:16,,,0
770,3,2015/10/30 15:41,0,2016/10/18 15:28,5,46.588235,0
771,3,2015/10/30 15:49,0,2016/4/7 14:16,1,0,0
774,3,2015/10/30 19:23,0,2018/8/10 20:57,30,148.941176,0
777,3,2015/10/30 20:41,1,2017/12/11 13:30,121,1556.642118,1
779,3,2015/10/30 21:24,0,2016/4/7 14:16,,,0
780,2,2015/10/30 21:37,0,2016/9/30 1:57,,,0
781,2,2015/10/30 21:40,0,2016/4/7 14:16,,,0
782,3,2015/10/30 22:04,0,2016/4/7 14:16,,,0
785,3,2015/10/30 22:32,1,2016/5/10 17:14,22,185.435294,0
786,2,2015/10/30 23:02,0,2016/4/7 14:16,,,0
787,2,2015/10/30 23:17,0,2016/4/7 14:16,,,0
791,3,2015/10/31 2:39,0,2016/4/7 14:16,1,2.823529,0
794,2,2015/10/31 13:46,1,2018/10/3 22:13,59,460.759216,0
796,3,2015/10/31 14:58,0,2018/10/4 15:58,27,276.997176,1
799,3,2015/10/31 16:31,0,2017/11/2 1:21,,,0
801,3,2015/10/31 16:54,0,2016/4/7 14:16,,,0
804,3,2015/10/31 17:48,0,2016/4/7 14:16,,,0
805,3,2015/10/31 19:02,0,2016/4/7 14:16,,,0
809,3,2015/10/31 19:54,1,2016/10/4 15:52,78,375.991765,0
810,3,2015/10/31 20:58,0,2016/10/15 16:56,6,72.470588,0
811,3,2015/10/31 21:17,0,2018/9/23 7:45,1,0,0
813,3,2017/3/23 14:26,0,2018/9/23 14:03,14,85.937882,1
815,3,2015/10/31 23:33,0,2016/4/7 14:16,,,0
816,3,2015/11/1 0:50,0,2016/4/7 14:16,,,0
820,3,2015/11/1 3:26,0,2016/4/7 14:16,,,0
821,3,2015/11/1 3:41,0,2016/4/7 14:16,,,0
822,2,2015/11/1 5:16,0,2016/8/19 3:25,3,22.509804,0
823,3,2016/12/12 1:35,0,2017/9/3 6:11,,,0
824,3,2015/11/1 10:57,0,2016/4/7 14:16,,,0
825,2,2015/11/1 11:48,0,2018/9/19 15:11,,,0
826,2,2015/11/1 13:53,0,2016/4/7 14:16,,,0
827,2,2015/11/1 14:23,0,2016/4/7 14:16,1,0,0
828,3,2015/11/1 14:46,1,2018/9/7 20:49,112,886.544941,1
829,3,2015/11/1 14:48,0,2016/4/7 14:16,,,0
830,3,2015/11/1 14:53,0,2016/10/2 0:20,,,0
831,2,2015/11/1 15:25,0,2016/4/7 14:16,,,0
832,2,2015/11/1 16:40,0,2016/4/7 14:16,,,0
835,3,2015/11/1 19:20,0,2016/8/14 1:20,2,6,0
836,3,2015/11/1 19:51,1,2018/9/20 21:45,127,616.448235,0
837,3,2015/11/1 20:20,0,2016/4/7 14:16,1,9.882353,0
838,3,2015/11/1 20:27,0,2016/4/7 14:16,,,0
839,2,2015/11/1 20:45,0,2016/4/7 14:16,,,0
841,3,2015/11/1 22:21,0,2016/4/18 10:34,9,39.482353,0
842,3,2015/11/1 22:25,0,2016/4/7 14:16,,,0
843,3,2015/11/1 22:31,0,2016/10/5 16:24,2,9.882353,0
844,3,2015/11/1 23:00,0,2016/4/7 14:16,,,0
845,2,2015/11/1 23:41,0,2016/4/7 14:16,,,0
847,3,2015/11/2 1:05,0,2016/4/7 14:16,,,0
848,3,2015/11/2 1:43,0,2016/4/7 14:16,,,0
851,3,2015/11/2 2:59,0,2016/10/11 3:02,4,38.117647,0
852,3,2015/11/2 3:33,0,2016/4/7 14:16,11,144.941176,0
853,3,2015/11/2 4:04,0,2016/4/7 14:16,,,0
854,3,2015/11/2 5:04,0,2016/4/7 14:16,1,3.764706,0
855,3,2015/11/2 6:39,0,2016/4/7 14:16,,,0
856,3,2015/11/2 11:41,0,2016/4/7 14:16,,,0
857,3,2015/11/2 12:17,0,2016/4/7 14:16,,,0
858,3,2015/11/2 12:17,0,2016/4/7 14:16,5,43.294118,0
859,3,2015/11/2 12:54,0,2016/4/7 14:16,1,24,0
860,3,2015/11/2 13:19,0,2016/4/7 14:16,,,0
861,3,2015/11/2 13:41,1,2018/10/3 18:48,287,1615.502824,1
862,3,2015/11/2 14:54,0,2016/4/7 14:16,,,0
864,3,2015/11/2 15:37,1,2017/9/13 3:25,95,954.656471,0
865,2,2015/11/2 16:28,0,2016/4/7 14:16,,,0
867,3,2015/11/2 17:36,0,2016/4/7 14:16,,,0
870,3,2015/11/2 19:30,0,2017/12/7 0:24,5,28.470588,0
871,3,2015/11/2 19:42,0,2016/4/7 14:16,,,0
874,3,2015/11/2 22:08,1,2018/8/15 17:32,256,1435.074824,1
877,3,2015/11/3 0:02,0,2016/4/7 14:16,,,0
878,3,2015/11/3 0:25,1,2016/6/10 21:23,62,503.882353,0
879,2,2015/11/3 0:38,0,2016/4/7 14:16,,,0
881,3,2015/11/3 2:19,0,2016/4/7 14:16,1,11.294118,0
882,3,2015/11/3 2:39,1,2018/10/1 23:38,42,290.968,0
883,2,2015/11/3 3:59,0,2016/4/7 14:16,,,0
884,3,2015/11/3 4:31,0,2016/4/7 14:16,,,0
885,3,2015/11/3 7:49,0,2016/4/7 14:16,3,17.411765,0
888,3,2015/11/3 12:41,0,2016/4/7 14:16,,,0
889,2,2015/11/3 13:26,0,2016/4/7 14:16,,,0
891,3,2015/11/3 14:34,1,2018/8/4 13:43,60,447.715059,0
893,3,2015/11/3 14:43,0,2016/6/23 15:05,4,41.223529,0
898,2,2015/11/3 15:29,0,2016/4/7 14:16,6,81.607843,0
900,3,2015/11/3 15:38,0,2016/4/7 14:16,,,0
904,3,2015/11/3 16:04,0,2018/10/4 18:22,,,0
907,3,2015/11/3 17:16,0,2016/4/7 14:16,,,0
908,2,2015/11/3 17:23,0,2016/4/7 14:16,1,0,0
912,3,2015/11/3 18:24,0,2016/8/17 2:32,,,0
913,3,2015/11/3 18:41,0,2016/4/7 14:16,,,0
917,2,2015/11/3 19:08,0,2016/11/17 14:51,7,70.705882,0
921,2,2015/11/3 20:18,0,2016/4/7 14:16,,,0
924,3,2015/11/3 22:02,0,2016/4/7 14:16,,,0
925,2,2015/11/3 22:05,0,2016/4/7 14:16,,,0
934,2,2015/11/4 1:11,0,2016/4/7 14:16,,,0
935,2,2015/11/4 1:18,1,2017/8/4 4:25,63,333.486275,0
940,2,2015/11/4 3:12,0,2016/10/4 17:31,,,0
945,2,2015/11/4 5:41,0,2016/4/7 14:16,,,0
947,3,2015/11/4 13:42,0,2016/4/7 14:16,,,0
953,3,2015/11/4 15:36,0,2016/4/7 14:16,,,0
956,2,2015/11/4 17:03,0,2016/7/20 3:32,1,16.470588,0
957,3,2015/11/4 17:14,0,2016/4/7 14:16,3,8.470588,0
971,2,2015/11/4 21:18,0,2016/4/7 14:16,,,0
972,3,2015/11/4 21:23,0,2016/4/7 14:16,,,0
975,3,2015/11/4 21:54,0,2016/4/7 14:16,,,0
982,2,2015/11/5 0:05,0,2016/4/7 14:16,2,41.490196,0
983,2,2015/11/5 0:23,0,2016/4/7 14:16,,,0
989,2,2015/11/5 2:40,0,2016/9/13 13:23,8,72.509804,0
991,2,2015/11/5 3:50,0,2017/12/6 6:29,10,78.27451,0
993,2,2015/11/5 6:34,0,2017/6/27 1:44,6,45.203922,0
994,2,2015/11/5 6:47,0,2016/4/7 14:16,,,0
1000,2,2015/11/5 15:54,0,2016/4/7 14:16,18,88.509804,0
1001,2,2015/11/5 17:26,0,2016/4/7 14:16,,,0
1005,2,2015/11/5 20:21,0,2016/10/17 2:37,,,0
1010,2,2015/11/6 0:31,0,2016/4/7 14:16,,,0
1017,2,2015/11/6 3:13,0,2016/4/7 14:16,3,9.764706,0
1019,2,2015/11/6 4:06,0,2016/4/7 14:16,3,4.509804,0
1022,2,2015/11/6 13:27,0,2016/4/7 14:16,,,0
1026,2,2015/11/6 15:00,1,2018/9/23 0:28,13,146.941176,0
1030,2,2015/11/6 15:51,0,2018/8/31 2:22,1,4.509804,0
1031,2,2015/11/6 16:03,0,2017/1/5 15:21,48,580.588235,0
1032,2,2015/11/6 16:13,0,2016/4/7 14:16,,,0
1035,2,2015/11/6 17:26,0,2017/1/23 1:36,21,136.54902,0
1036,2,2015/11/6 17:31,0,2016/4/7 14:16,,,0
1041,2,2015/11/6 18:30,0,2016/7/27 21:21,7,35.294118,0
1042,3,2015/11/6 18:45,0,2016/4/7 14:16,,,0
1046,3,2017/1/15 21:17,0,2017/11/10 16:13,5,14.359059,0
1050,3,2015/11/6 22:04,0,2016/9/29 19:35,6,68.705882,0
1068,2,2015/11/7 4:46,0,2016/4/7 14:16,4,41.058824,0
1069,3,2015/11/7 4:48,0,2016/4/7 14:16,,,0
1070,2,2015/11/7 5:13,0,2016/4/7 14:16,,,0
1077,2,2015/11/7 15:01,0,2016/4/7 14:16,,,0
1083,2,2015/11/7 16:27,0,2016/4/7 14:16,,,0
1091,2,2015/11/7 20:00,0,2016/4/7 14:16,,,0
1093,3,2015/11/7 20:27,0,2016/4/7 14:16,,,0
1094,3,2015/11/7 20:29,0,2017/11/5 22:12,2,2.823529,0
1096,3,2015/11/7 21:35,0,2016/4/7 14:16,,,0
1097,2,2015/11/7 21:59,0,2016/7/10 13:13,3,35.568627,0
1105,2,2015/11/7 23:15,0,2018/8/24 15:33,45,432.941961,1
1116,2,2015/11/8 3:33,0,2016/4/7 14:16,2,7.411765,0
1129,2,2015/11/8 17:27,0,2016/4/7 14:16,6,32.941176,0
1134,2,2015/11/8 19:31,0,2016/11/25 4:26,3,17.254902,0
1141,2,2015/11/8 21:56,0,2016/4/7 14:16,,,0
1153,3,2015/11/9 14:58,0,2016/4/7 14:16,1,31.058824,0
1155,2,2015/11/9 15:46,0,2016/4/7 14:16,1,1.176471,0
1157,2,2015/11/9 16:18,0,2017/11/17 21:33,,,0
1163,3,2015/11/9 17:23,0,2016/4/7 14:16,,,0
1165,2,2015/11/9 18:17,0,2016/4/7 14:16,,,0
1166,2,2015/11/9 18:31,0,2017/12/13 15:02,,,0
1177,2,2015/11/9 20:16,0,2016/4/7 14:16,,,0
1180,3,2015/11/9 20:55,0,2016/4/7 14:16,,,0
1181,2,2015/11/9 21:12,0,2016/4/7 14:16,1,9.921569,0
1184,2,2015/11/9 21:44,0,2016/4/7 14:16,3,66.941176,0
1191,3,2015/11/9 23:39,0,2016/4/7 14:16,,,0
1193,2,2015/11/9 23:59,1,2018/10/5 4:13,25,345.510588,0
1194,3,2015/11/10 0:07,0,2016/4/7 14:16,,,0
1195,2,2015/11/10 0:20,0,2016/4/7 14:16,,,0
1200,3,2015/11/10 4:09,0,2016/4/7 14:16,1,5.647059,0
1201,2,2015/11/10 4:31,0,2016/4/7 14:16,2,33.176471,0
1204,2,2015/11/10 10:36,0,2017/10/3 9:39,,,0
1209,3,2015/11/10 14:45,0,2016/4/7 14:16,,,0
1211,2,2015/11/10 14:47,0,2016/5/21 12:39,5,51.058824,0
1212,3,2015/11/10 14:57,0,2016/4/7 14:16,,,0
1215,3,2015/11/10 15:17,0,2016/4/7 14:16,2,28.705882,0
1221,3,2015/11/10 18:09,0,2016/4/7 14:16,,,0
1222,2,2015/11/10 18:18,0,2018/10/4 17:33,55,266.398039,1
1223,3,2015/11/10 18:20,0,2016/4/7 14:16,1,16.941176,0
1224,3,2015/11/10 18:42,0,2016/4/7 14:16,,,0
1233,2,2015/11/10 20:27,0,2016/4/7 14:16,,,0
1235,2,2015/11/10 21:01,1,2018/10/2 21:01,89,256.819608,0
1238,3,2015/11/10 21:36,0,2016/4/7 14:16,2,3.294118,0
1239,2,2015/11/10 22:02,0,2018/9/7 16:15,5,45.681569,0
1240,3,2015/11/10 22:27,0,2016/4/7 14:16,,,0
1244,2,2015/11/10 23:10,0,2016/4/7 14:16,,,0
1247,2,2015/11/10 23:38,0,2016/4/7 14:16,6,37.647059,0
1248,3,2015/11/10 23:47,0,2016/4/7 14:16,1,28.235294,0
1250,2,2015/11/11 0:16,0,2017/9/19 17:47,1,0,0
1253,3,2015/11/11 0:36,0,2016/4/7 14:16,,,0
1256,2,2015/11/11 1:01,0,2016/4/7 14:16,,,0
1260,2,2015/11/11 1:26,0,2016/4/7 14:16,,,0
1266,3,2015/11/11 11:42,0,2016/4/7 14:16,,,0
1273,3,2015/11/11 14:09,0,2016/4/7 14:16,2,2.823529,0
1275,3,2015/11/11 14:57,0,2016/4/7 14:16,,,0
1280,2,2015/11/11 15:25,0,2016/4/7 14:16,,,0
1281,3,2015/11/11 15:41,0,2016/4/7 14:16,,,0
1283,2,2015/11/11 16:16,0,2017/11/20 21:44,3,25.157255,0
1286,2,2015/11/11 16:45,0,2016/4/7 14:16,,,0
1289,2,2015/11/11 17:04,0,2016/4/7 14:16,,,0
1290,3,2015/11/11 17:05,0,2016/4/7 14:16,2,40.941176,0
1291,2,2015/11/11 17:23,0,2017/8/3 4:34,,,0
1292,2,2015/11/11 17:31,0,2018/10/5 14:19,8,58.866667,1
1293,3,2015/11/11 17:35,0,2016/4/7 14:16,5,25.835294,0
1297,2,2015/11/11 18:15,0,2016/4/7 14:16,2,20.27451,0
1298,3,2015/11/11 18:15,0,2016/6/14 17:41,18,120.209412,0
1299,2,2015/11/11 18:25,0,2016/4/7 14:16,,,0
1301,2,2015/11/11 18:36,0,2016/4/7 14:16,,,0
1302,2,2015/11/11 18:39,0,2016/4/7 14:16,,,0
1303,2,2015/11/11 19:25,0,2016/4/7 14:16,,,0
1306,2,2015/11/11 20:15,0,2016/4/7 14:16,,,0
1307,3,2015/11/11 20:15,0,2016/8/19 2:00,5,23.294118,0
1309,2,2015/11/11 20:20,0,2016/4/7 14:16,,,0
1312,3,2015/11/11 20:35,0,2016/4/7 14:16,,,0
1314,2,2015/11/11 20:52,0,2016/5/5 17:01,11,82,0
1319,2,2015/11/11 22:02,0,2016/4/7 14:16,,,0
1324,3,2015/11/11 22:51,0,2018/9/7 5:09,3,35.294118,0
1325,2,2015/11/11 22:52,0,2016/4/7 14:16,,,0
1329,2,2015/11/12 0:03,0,2016/4/23 15:38,21,135.764706,0
1330,2,2015/11/12 0:13,0,2016/4/7 14:16,4,22.941176,0
1331,2,2015/11/12 0:15,0,2016/4/7 14:16,,,0
1332,2,2015/11/12 0:22,0,2016/4/7 14:16,1,1.568627,0
1333,3,2015/11/12 0:33,0,2016/4/7 14:16,3,80,0
1335,2,2015/11/12 0:42,1,2018/10/4 15:01,27,126.416863,0
1336,2,2015/11/12 0:46,0,2016/4/7 14:16,7,69.294118,0
1342,2,2015/11/12 1:40,0,2018/10/3 18:05,33,101.32549,1
1343,3,2015/11/12 1:42,0,2016/4/7 14:16,,,0
1347,3,2015/11/12 2:40,0,2016/7/18 1:39,9,40.941176,0
1350,2,2015/11/12 3:41,0,2016/4/7 14:16,,,0
1354,2,2015/11/12 4:47,0,2016/4/7 14:16,,,0
1356,3,2015/11/12 8:02,0,2016/4/7 14:16,3,16,0
1359,3,2015/11/12 10:28,0,2016/9/23 19:15,8,107.482353,0
1360,2,2015/11/12 11:27,0,2016/4/7 14:16,,,0
1361,3,2015/11/12 11:56,0,2016/4/7 14:16,,,0
1362,2,2015/11/12 12:49,1,2018/9/19 7:29,9,69.129804,0
1364,2,2015/11/12 13:25,0,2017/7/25 18:47,,,0
1366,3,2015/11/12 14:38,0,2016/4/23 15:23,3,38.588235,0
1368,3,2015/11/12 14:43,0,2016/4/7 14:16,,,0
1375,3,2015/11/12 16:41,0,2016/6/28 15:45,6,48.941176,0
1377,3,2015/11/12 17:11,0,2017/3/19 4:39,,,0
1379,2,2015/11/12 17:34,0,2016/7/9 2:20,7,63.529412,0
1384,2,2015/11/12 17:55,0,2017/7/9 17:47,13,99.137255,0
1387,3,2015/11/12 18:24,0,2016/4/7 14:16,5,39.529412,0
1389,2,2015/11/12 18:50,0,2018/9/30 6:49,9,95.547059,0
1394,2,2015/11/12 19:07,0,2016/7/30 17:49,2,25.882353,0
1397,3,2015/11/12 19:41,0,2016/4/7 14:16,,,0
1402,3,2015/11/12 20:15,0,2016/9/2 16:12,2,16.470588,0
1404,2,2015/11/12 20:21,0,2016/4/7 14:16,2,18.039216,0
1405,2,2015/11/12 20:26,0,2016/5/11 20:31,4,26.039216,0
1407,2,2015/11/12 20:31,1,2016/11/18 3:43,5,71.254902,0
1409,3,2015/11/12 21:01,0,2016/4/7 14:16,,,0
1411,3,2015/11/12 21:24,0,2016/4/7 14:16,10,115.058824,0
1413,2,2015/11/12 21:36,0,2016/6/30 12:44,9,83.294118,0
1421,2,2015/11/12 23:30,0,2016/4/7 14:16,9,101.176471,0
1422,2,2015/11/12 23:58,0,2016/5/10 0:03,7,58.941176,0
1428,3,2015/11/13 0:54,0,2016/4/7 14:16,,,0
1429,2,2015/11/13 0:56,0,2016/4/7 14:16,4,21.960784,0
1434,2,2015/11/13 1:53,0,2016/10/17 19:44,2,10.823529,0
1438,2,2015/11/13 3:09,0,2016/4/7 14:16,3,32.784314,0
1440,2,2015/11/13 4:08,0,2016/4/7 14:16,,,0
1441,3,2017/2/5 19:40,0,2018/10/5 14:14,11,126.470588,0
1442,3,2015/11/13 5:12,0,2016/4/7 14:16,,,0
1443,2,2015/11/13 5:13,0,2016/4/7 14:16,,,0
1444,2,2015/11/13 5:52,0,2016/12/3 17:41,9,51.882353,0
1445,2,2015/11/13 11:39,1,2018/9/26 16:56,83,907.020784,1
1447,2,2015/11/13 12:15,0,2016/9/8 11:44,,,0
1448,2,2015/11/13 12:29,0,2016/4/7 14:16,,,0
1449,2,2015/11/13 12:38,0,2016/4/7 14:16,,,0
1451,3,2015/11/13 14:04,0,2016/4/7 14:16,,,0
1452,2,2015/11/13 14:27,0,2016/5/30 0:15,2,33.72549,0
1453,3,2015/11/13 15:02,0,2016/4/7 14:16,,,0
1457,2,2015/11/13 16:54,0,2016/8/29 23:18,1,4.705882,0
1459,2,2015/11/13 17:11,0,2016/4/7 14:16,,,0
1461,2,2015/11/13 17:39,0,2016/10/12 4:22,,,0
1463,2,2015/11/13 17:50,0,2018/10/1 14:09,18,165.082353,0
1465,3,2015/11/13 18:09,0,2016/4/7 14:16,1,8.941176,0
1466,2,2015/11/13 18:17,0,2016/4/7 14:16,,,0
1467,2,2015/11/13 18:18,0,2016/12/13 19:42,7,47.058824,0
1470,2,2015/11/13 19:48,0,2016/6/21 12:22,2,10.196078,0
1471,2,2015/11/13 19:48,0,2016/4/7 14:16,,,0
1472,2,2015/11/13 20:09,0,2016/4/7 14:16,2,25.098039,0
1473,2,2015/11/13 20:15,0,2016/7/5 10:42,8,90.980392,0
1475,3,2015/11/13 20:29,0,2016/4/7 14:16,,,0
1476,2,2015/11/13 20:41,0,2017/5/24 20:47,,,0
1478,3,2015/11/13 21:38,1,2018/9/29 4:51,515,2577.935059,0
1480,2,2015/11/13 23:07,0,2016/4/7 14:16,,,0
1485,2,2015/11/14 0:19,0,2016/4/7 14:16,,,0
1489,2,2015/11/14 1:27,1,2016/6/27 13:37,37,409.411765,0
1494,2,2015/11/14 2:06,0,2018/9/24 21:48,15,97.333333,0
1499,3,2015/11/14 3:23,0,2016/4/7 14:16,,,0
1500,2,2015/11/14 3:33,0,2016/7/11 2:02,3,12.745098,0
1502,2,2015/11/14 3:52,0,2016/10/12 1:15,11,71.568627,0
1503,3,2015/11/14 4:11,1,2016/5/8 18:38,30,171.229412,0
1504,2,2015/11/14 4:44,0,2016/4/7 14:16,,,0
1506,2,2015/11/14 4:57,0,2018/10/5 13:10,8,72.672941,1
1508,2,2015/11/14 5:22,1,2018/10/5 7:05,24,268.488235,0
1509,3,2015/11/14 5:38,0,2016/4/7 14:16,,,0
1513,2,2015/11/14 12:37,0,2016/4/19 8:58,1,14.117647,0
1515,2,2015/11/14 13:03,0,2017/12/12 16:09,7,45.731373,0
1516,2,2015/11/14 13:11,0,2016/4/7 14:16,,,0
1520,2,2015/11/14 13:52,0,2016/6/22 4:05,23,183.843137,0
1521,2,2015/11/14 13:53,0,2016/4/7 14:16,4,3.529412,0
1524,3,2015/11/14 14:11,0,2016/4/9 23:46,,,0
1529,3,2015/11/14 14:29,0,2016/4/7 14:16,,,0
1532,2,2015/11/14 16:01,0,2016/4/7 14:16,,,0
1534,2,2015/11/14 16:21,0,2017/12/14 16:07,1,0,0
1536,3,2015/11/14 16:32,0,2016/4/7 14:16,,,0
1540,2,2015/11/14 17:12,0,2016/4/7 14:16,,,0
1542,3,2015/11/14 17:16,0,2016/4/7 14:16,,,0
1546,3,2015/11/14 18:05,0,2016/4/7 14:16,7,50.352941,0
1549,3,2015/11/14 18:47,0,2016/10/10 13:35,3,27.764706,0
1554,2,2015/11/14 19:34,0,2016/6/27 21:01,11,133.333333,0
1562,3,2015/11/14 20:37,0,2016/4/7 14:16,3,19.294118,0
1564,2,2015/11/14 20:41,0,2016/4/7 14:16,,,0
1566,2,2015/11/14 20:44,0,2016/4/7 14:16,,,0
1572,2,2015/11/14 21:09,0,2018/9/28 19:03,12,44.772941,0
1582,3,2015/11/14 23:03,0,2016/10/18 4:52,,,0
1583,2,2015/11/14 23:28,0,2016/4/7 14:16,1,5.490196,0
1586,2,2015/11/15 0:36,0,2018/10/5 13:44,8,67.043137,0
1589,2,2015/11/15 1:00,0,2016/4/7 14:16,,,0
1590,2,2015/11/15 1:36,0,2016/4/7 14:16,,,0
1592,2,2015/11/15 2:16,0,2016/4/7 14:16,,,0
1595,3,2015/11/15 2:41,0,2016/4/7 14:16,,,0
1597,2,2015/11/15 2:53,0,2016/6/24 17:46,,,0
1599,2,2016/11/24 2:21,0,2017/10/17 0:40,1,8.470588,0
1601,3,2015/11/15 4:31,0,2016/6/20 17:40,1,4.117647,0
1602,3,2015/11/15 4:42,0,2016/4/7 14:16,,,0
1603,2,2015/11/15 4:45,0,2016/7/14 15:11,9,87.843137,0
1606,3,2015/11/15 5:39,0,2018/8/19 21:20,,,0
1607,2,2015/11/15 5:41,1,2018/10/5 13:14,11,77.618431,0
1609,2,2015/11/15 6:21,0,2016/4/7 14:16,,,0
1611,2,2015/11/15 12:25,0,2018/10/5 3:22,18,119.144314,0
1612,2,2015/11/15 12:46,0,2016/4/7 14:16,,,0
1614,2,2015/11/15 13:48,0,2016/4/7 14:16,1,5.490196,0
1615,2,2015/11/15 14:07,0,2016/4/7 14:16,,,0
1616,2,2015/11/15 14:17,0,2016/4/7 14:16,,,0
1617,2,2015/11/15 14:21,0,2016/4/7 14:16,,,0
1618,3,2015/11/15 14:23,0,2017/12/13 14:31,28,44.058824,0
1619,3,2015/11/15 14:30,0,2016/12/20 0:00,10,124.941176,0
1621,2,2015/11/15 15:00,0,2016/11/5 18:40,12,34.745098,0
1622,2,2015/11/15 15:01,1,2018/10/2 13:19,4,44.035294,1
1624,2,2015/11/15 15:06,0,2016/4/7 14:16,,,0
1625,2,2015/11/15 15:23,0,2016/4/7 14:16,,,0
1626,3,2015/11/15 15:26,0,2017/11/27 20:24,3,46.588235,0
1627,3,2015/11/15 15:46,0,2016/4/7 14:16,,,0
1630,2,2015/11/15 15:57,0,2016/4/7 14:16,,,0
1631,2,2015/11/15 16:20,0,2016/4/7 14:16,,,0
1633,3,2015/11/15 16:40,1,2018/3/19 22:50,106,844.493412,0
1635,2,2015/11/15 17:00,0,2016/4/7 14:16,3,28.235294,0
1637,3,2015/11/15 17:33,0,2016/4/7 14:16,,,0
1638,2,2015/11/15 17:43,0,2016/4/7 14:16,,,0
1640,2,2015/11/15 18:13,0,2016/4/7 14:16,,,0
1641,2,2015/11/15 18:15,0,2016/4/7 14:16,,,0
1643,2,2015/11/15 18:33,0,2017/2/17 19:39,26,121.764706,0
1644,3,2015/11/15 18:45,0,2016/4/7 14:16,4,55.529412,0
1646,3,2015/11/15 19:07,0,2017/11/25 20:57,3,19.152941,0
1647,3,2015/11/15 19:31,0,2017/12/12 20:09,14,49.435294,0
1649,3,2015/11/15 19:46,0,2016/5/9 21:07,,,0
1650,2,2015/11/15 19:46,0,2016/4/7 14:16,1,3.921569,0
1651,2,2015/11/15 19:49,0,2017/11/23 7:10,17,152.407843,0
1653,2,2015/11/15 20:10,0,2016/4/7 14:16,1,7.058824,0
1661,2,2015/11/15 21:18,0,2018/3/7 10:34,8,56.560784,0
1662,2,2015/11/15 21:21,0,2016/4/7 14:16,3,28.235294,0
1668,2,2015/11/15 22:13,0,2016/4/7 14:16,,,0
1669,2,2015/11/15 22:24,0,2017/3/9 4:46,1,10.196078,0
1671,3,2015/11/15 22:46,0,2018/8/12 21:03,,,0
1672,2,2016/12/3 2:18,0,2016/12/11 22:01,,,0
1673,2,2015/11/15 22:57,0,2016/4/7 14:16,1,0,0
1677,3,2015/11/15 23:43,0,2017/9/16 3:14,,,0
1679,3,2015/11/15 23:59,0,2016/4/7 14:16,,,0
1680,2,2015/11/16 0:04,0,2016/4/7 14:16,,,0
1684,3,2015/11/16 0:47,0,2016/4/7 14:16,,,0
1685,3,2015/11/16 1:00,0,2016/6/17 7:17,5,24.541176,0
1686,2,2015/11/16 1:04,0,2016/4/7 14:16,,,0
1688,2,2015/11/16 1:14,0,2016/12/3 22:19,2,8.627451,0
1690,2,2015/11/16 1:43,0,2018/10/2 22:46,5,31.262745,0
1691,2,2015/11/16 2:04,0,2016/4/7 14:16,,,0
1693,3,2015/11/16 2:07,0,2016/4/7 14:16,,,0
1695,2,2015/11/16 2:15,0,2016/4/7 14:16,1,10.196078,0
1696,2,2015/11/16 2:20,0,2016/4/7 14:16,,,0
1697,2,2015/11/16 2:29,0,2018/10/4 7:16,29,167.183529,1
1698,2,2015/11/16 2:31,0,2017/4/11 19:20,12,103.686275,0
1699,2,2015/11/16 2:41,0,2016/4/7 14:16,,,0
1700,3,2015/11/16 2:59,0,2016/4/7 14:16,3,19.294118,0
1702,2,2015/11/16 3:15,0,2016/5/15 18:11,5,54.117647,0
1703,3,2015/11/16 3:16,0,2016/4/7 14:16,1,0,0
1704,2,2015/11/16 3:25,0,2016/4/7 14:16,2,18.823529,0
1705,3,2015/11/16 3:32,0,2017/11/25 0:06,,,0
1706,2,2015/11/16 3:47,0,2016/4/7 14:16,,,0
1707,2,2015/11/16 3:52,0,2016/10/6 3:13,3,18.823529,0
1708,2,2015/11/16 3:57,0,2016/4/7 14:16,,,0
1709,2,2015/11/16 4:07,0,2016/4/7 14:16,,,0
1710,2,2015/11/16 4:15,0,2016/9/27 0:03,2,29.019608,0
1711,2,2015/11/16 4:20,0,2016/4/19 1:45,1,3.137255,0
1712,2,2015/11/16 5:00,0,2016/4/7 14:16,,,0
1713,2,2015/11/16 5:01,0,2016/4/7 14:16,,,0
1714,3,2015/11/16 5:26,1,2018/10/5 13:48,42,309.575294,1
1715,2,2015/11/16 7:14,0,2016/4/7 14:16,2,13.333333,0
1717,2,2015/11/16 11:09,0,2018/10/5 13:25,13,73.030588,1
1718,3,2015/11/16 12:10,0,2016/8/15 0:22,3,36.235294,0
1719,2,2015/11/16 12:13,0,2016/4/7 14:16,,,0
1721,2,2015/11/16 12:41,0,2018/3/1 5:33,2,5.411765,0
1722,2,2015/11/16 12:48,0,2016/4/7 14:16,6,45.098039,0
1725,3,2015/11/16 13:26,0,2016/4/7 14:16,,,0
1728,2,2015/11/16 13:49,0,2017/1/12 2:19,8,52.156863,0
1729,2,2015/11/16 14:01,0,2016/7/8 0:38,15,110.313725,0
1730,2,2015/11/16 14:02,0,2016/4/7 14:16,,,0
1732,3,2015/11/16 14:10,0,2016/4/7 14:16,,,0
1733,3,2015/11/16 14:13,0,2017/1/28 17:21,,,0
1734,2,2015/11/16 14:20,0,2016/4/7 14:16,9,29.803922,0
1737,2,2015/11/16 14:38,0,2016/4/7 14:16,6,13.333333,0
1738,2,2015/11/16 14:40,0,2016/4/7 14:16,1,4.705882,0
1741,3,2015/11/16 15:01,0,2016/4/7 14:16,,,0
1742,3,2015/11/16 15:15,0,2016/4/7 14:16,1,0,0
1743,3,2015/11/16 15:46,0,2016/6/6 20:47,1,9.411765,0
1745,2,2015/11/16 16:47,0,2018/9/8 17:25,1,17.254902,0
1746,3,2015/11/16 16:53,0,2016/4/7 14:16,1,0,0
1748,3,2015/11/16 16:59,0,2016/4/7 14:16,1,0,0
1752,2,2015/11/16 17:26,0,2016/5/29 14:39,1,8.627451,0
1754,3,2015/11/16 18:12,0,2018/10/2 1:08,1,0,0
1755,2,2015/11/16 18:18,0,2016/4/7 14:16,,,0
1757,3,2015/11/16 18:43,0,2018/10/5 3:28,14,154.921882,1
1761,2,2015/11/16 19:15,0,2016/4/7 14:16,5,52.54902,0
1762,2,2015/11/16 19:23,0,2016/4/7 14:16,1,2.352941,0
1763,2,2015/11/16 19:33,0,2017/1/14 15:56,3,23.529412,0
1765,3,2015/11/16 20:04,0,2017/11/30 10:52,13,69.647059,0
1768,3,2015/11/16 21:01,0,2016/4/7 14:16,5,55.529412,0
1769,3,2015/11/16 21:19,0,2016/4/7 14:16,2,21.647059,0
1773,2,2015/11/16 22:04,0,2016/4/7 14:16,5,22.745098,0
1777,2,2015/11/16 22:53,0,2016/4/7 14:16,,,0
1782,2,2015/11/16 23:58,0,2016/12/13 18:18,4,12.54902,0
1784,2,2015/11/17 0:21,0,2016/4/7 14:16,1,3.137255,0
1785,3,2015/11/17 0:25,0,2016/4/7 14:16,,,0
1786,2,2015/11/17 0:31,0,2016/4/7 14:16,,,0
1787,2,2015/11/17 0:31,0,2017/5/18 20:35,3,33.72549,0
1789,2,2015/11/17 0:49,0,2016/4/7 14:16,,,0
1790,2,2015/11/17 1:01,0,2016/4/7 14:16,,,0
1791,2,2015/11/17 1:06,0,2018/1/18 0:32,8,67.101569,0
1792,3,2015/11/17 1:28,0,2016/4/7 14:16,1,0,0
1793,2,2015/11/17 1:34,0,2016/4/7 14:16,8,87.254902,0
1794,3,2015/11/17 1:57,0,2018/9/14 0:23,11,121.976471,0
1795,2,2015/11/17 1:59,0,2016/5/26 21:30,4,28.235294,0
1797,2,2015/11/17 2:10,0,2016/4/7 14:16,2,18.823529,0
1800,2,2015/11/17 2:26,0,2016/4/7 14:16,,,0
1801,2,2015/11/17 2:28,0,2016/4/7 14:16,10,65.882353,0
1802,2,2015/11/17 2:28,1,2017/12/12 22:15,13,145.294118,0
1804,2,2015/11/17 2:41,0,2016/6/20 22:12,4,21.960784,0
1805,2,2015/11/17 3:02,0,2016/4/7 14:16,5,50.980392,0
1806,2,2015/11/17 3:18,0,2017/10/29 16:00,9,30.113725,0
1807,2,2015/11/17 3:22,0,2016/4/7 14:16,,,0
1808,2,2015/11/17 3:34,0,2018/10/2 11:25,11,115.002745,1
1809,2,2015/11/17 3:34,0,2016/4/7 14:16,4,37.647059,0
1811,2,2015/11/17 3:51,0,2018/10/5 12:57,6,73.72549,0
1813,2,2015/11/17 4:29,0,2016/4/7 14:16,1,6.27451,0
1814,3,2015/11/17 4:41,0,2016/4/7 14:16,,,0
1816,2,2015/11/17 4:54,0,2016/4/12 19:54,4,34.509804,0
1818,2,2015/11/17 5:01,0,2016/9/3 22:05,1,5.490196,0
1820,2,2015/11/17 6:41,0,2016/8/21 0:03,4,20.392157,0
1821,3,2015/11/17 6:55,0,2016/4/7 14:16,,,0
1823,2,2015/11/17 7:04,0,2018/9/10 3:42,6,15.294118,0
1824,2,2015/11/17 8:27,1,2018/10/5 4:12,156,838.635294,0
1827,2,2015/11/17 12:25,0,2016/4/7 14:16,,,0
1830,2,2015/11/17 12:53,0,2016/4/7 14:16,,,0
1831,2,2015/11/17 13:01,0,2016/5/28 15:03,6,25.098039,0
1833,2,2015/11/17 13:07,0,2018/9/28 16:49,1,3.235294,0
1834,3,2015/11/17 13:07,0,2016/5/17 21:55,,,0
1835,2,2015/11/17 13:48,0,2016/10/18 0:27,7,34.901961,0
1836,2,2015/11/17 13:56,1,2018/10/5 12:56,46,422.303137,1
1839,3,2015/11/17 14:28,0,2016/4/7 14:16,1,9.882353,0
1840,3,2015/11/17 14:30,0,2016/4/7 14:16,1,0.470588,0
1841,3,2015/11/17 14:35,0,2016/4/7 14:16,,,0
1842,2,2015/11/17 14:45,0,2016/4/7 14:16,1,9.411765,0
1843,2,2015/11/17 14:56,0,2016/4/7 14:16,5,46.27451,0
1844,2,2015/11/17 15:07,0,2016/4/7 14:16,1,4.705882,0
1847,2,2015/11/17 15:31,0,2016/4/7 14:16,,,0
1849,2,2015/11/17 16:12,0,2018/10/5 0:14,8,65.895686,1
1850,3,2015/11/17 16:12,1,2016/12/31 17:25,13,84.541176,0
1854,2,2015/11/17 16:37,0,2017/2/20 3:52,7,95.686275,0
1856,2,2015/11/17 16:38,0,2016/4/7 14:16,2,20.392157,0
1862,3,2015/11/17 17:35,0,2016/4/7 14:16,,,0
1863,3,2015/11/17 17:42,0,2016/5/20 16:05,,,0
1864,2,2015/11/17 17:43,0,2016/4/7 14:16,1,0,0
1865,2,2015/11/17 17:48,0,2016/4/7 14:16,,,0
1866,2,2015/11/17 17:48,0,2016/4/7 14:16,,,0
1867,2,2015/11/17 17:54,0,2016/4/7 14:16,2,7.058824,0
1872,3,2015/11/17 18:22,0,2016/4/7 14:16,1,7.058824,0
1874,2,2015/11/17 18:40,0,2016/4/7 14:16,3,21.960784,0
1875,3,2015/11/17 18:40,0,2016/6/22 16:22,10,146.541176,0
1877,2,2015/11/17 18:43,0,2016/4/7 14:16,3,28.235294,0
1878,2,2015/11/17 18:44,0,2018/10/4 23:04,1,7.058824,0
1880,2,2015/11/17 18:48,0,2016/4/15 20:36,,,0
1883,2,2015/11/17 19:32,0,2016/12/22 15:07,,,0
1884,2,2015/11/17 19:34,0,2016/4/7 14:16,8,20.392157,0
1885,2,2015/11/17 19:45,0,2016/4/7 14:16,,,0
1886,2,2015/11/17 19:59,0,2016/4/7 14:16,1,6.27451,0
1887,3,2015/11/17 20:09,0,2016/4/7 14:16,,,0
1890,2,2015/11/17 20:31,0,2016/4/7 14:16,6,40.784314,0
1891,2,2015/11/17 20:34,0,2016/4/7 14:16,,,0
1893,2,2015/11/17 20:46,0,2016/4/7 14:16,,,0
1896,3,2015/11/17 21:00,0,2016/4/7 14:16,3,24,0
1897,2,2015/11/17 21:07,0,2016/4/7 14:16,8,66.666667,0
1898,3,2015/11/17 21:08,0,2016/8/1 21:13,10,96.470588,0
1899,2,2015/11/17 21:16,0,2016/4/7 14:16,3,25.882353,0
1902,2,2015/11/17 21:38,0,2016/9/11 6:11,2,22.745098,0
1903,2,2015/11/17 21:47,0,2016/4/7 14:16,3,32.156863,0
1905,2,2015/11/17 21:53,0,2016/4/7 14:16,,,0
1906,2,2015/11/17 22:01,0,2016/5/13 4:00,2,22.54902,0
1907,3,2015/11/17 22:13,0,2016/4/7 14:16,,,0
1909,2,2015/11/17 22:14,0,2016/4/7 14:16,,,0
1910,2,2015/11/17 22:23,0,2016/4/7 14:16,,,0
1912,2,2015/11/17 22:24,0,2016/11/28 7:21,7,25.882353,0
1914,3,2015/11/17 22:37,0,2016/4/7 14:16,,,0
1917,2,2015/11/17 23:08,0,2016/4/7 14:16,,,0
1921,2,2015/11/17 23:21,0,2016/4/7 14:16,2,35.294118,0
1924,3,2015/11/17 23:54,0,2016/4/7 14:16,,,0
1925,2,2015/11/17 23:56,0,2016/4/7 14:16,14,112.156863,0
1928,2,2015/11/18 0:15,0,2017/11/4 4:15,9,37.607843,0
1929,3,2015/11/18 0:26,0,2016/4/7 14:16,2,16.941176,0
1930,2,2015/11/18 0:38,0,2016/4/7 14:16,4,46.27451,0
1931,2,2015/11/18 1:09,0,2016/4/7 14:16,,,0
1932,3,2015/11/18 1:10,0,2018/9/12 21:39,18,47.094118,0
1933,2,2015/11/18 1:17,0,2016/7/28 2:07,2,4.705882,0
1934,3,2015/11/18 1:19,0,2016/4/7 14:16,,,0
1936,2,2015/11/18 1:34,0,2016/11/26 1:02,3,25.098039,0
1938,2,2015/11/18 1:57,0,2016/12/29 23:46,,,0
1941,2,2015/11/18 2:43,0,2016/7/29 3:27,,,0
1942,2,2015/11/18 2:51,0,2016/4/7 14:16,1,3.921569,0
1945,3,2015/11/18 3:08,0,2016/4/7 14:16,,,0
1946,3,2015/11/18 3:13,0,2016/7/22 3:26,11,37.764706,0
1947,3,2015/11/18 3:20,0,2016/4/7 14:16,,,0
1949,2,2015/11/18 3:39,0,2016/4/7 14:16,5,32.941176,0
1950,3,2015/11/18 3:44,0,2016/7/1 23:31,5,38.352941,0
1951,2,2015/11/18 3:44,0,2016/4/7 14:16,,,0
1952,3,2015/11/18 4:00,0,2016/4/7 14:16,,,0
1953,3,2015/11/18 4:08,1,2018/9/13 5:34,394,3237.936471,0
1954,2,2015/11/18 4:09,0,2016/10/13 5:43,10,70.901961,0
1955,2,2015/11/18 4:32,0,2016/4/7 14:16,5,32.941176,0
1956,2,2015/11/18 4:34,0,2016/11/9 18:02,7,69.019608,0
1957,2,2015/11/18 4:35,0,2016/11/28 1:47,6,26.588235,0
1958,2,2015/11/18 4:41,0,2018/9/21 2:53,,,0
1959,2,2015/11/18 5:11,0,2016/4/7 14:16,1,7.058824,0
1960,2,2015/11/18 5:26,0,2016/6/22 3:16,3,27.45098,0
1961,2,2015/11/18 5:27,0,2016/4/7 14:16,,,0
1962,2,2015/11/18 6:34,0,2016/4/7 14:16,,,0
1963,3,2015/11/18 10:50,0,2016/4/7 14:16,,,0
1964,3,2015/11/18 11:23,0,2016/4/7 14:16,,,0
1965,2,2017/9/26 3:03,0,2017/10/10 21:03,5,23.921569,0
1966,3,2015/11/18 12:13,0,2016/4/7 14:16,,,0
1968,2,2015/11/18 12:54,0,2016/4/7 14:16,4,8.627451,0
1971,2,2015/11/18 14:00,1,2018/10/5 13:12,25,175.696863,1
1973,3,2015/11/18 14:16,1,2018/9/27 0:19,40,259.801412,0
1974,2,2015/11/18 14:21,0,2016/4/7 14:16,,,0
1975,3,2015/11/18 14:25,0,2016/10/10 0:59,3,15.058824,0
1977,2,2015/11/18 14:41,0,2016/4/7 14:16,,,0
1978,2,2015/11/18 14:44,0,2016/4/22 22:52,4,61.372549,0
1979,3,2015/11/18 14:55,0,2016/4/7 14:16,,,0
1981,3,2015/11/18 15:00,0,2016/4/7 14:16,,,0
1982,2,2015/11/18 15:10,0,2018/10/5 5:15,8,12.627451,0
1983,3,2015/11/18 15:13,0,2016/4/7 14:16,1,13.647059,0
1986,3,2015/11/18 15:39,0,2016/4/7 14:16,2,25.882353,0
1988,2,2015/11/18 15:48,0,2016/4/7 14:16,,,0
1989,3,2015/11/18 15:48,0,2016/4/7 14:16,,,0
1992,2,2015/11/18 16:16,0,2016/4/7 14:16,,,0
1998,2,2015/11/18 17:16,0,2016/4/7 14:16,,,0
2000,3,2015/11/18 17:19,0,2016/4/7 14:16,,,0
2009,3,2015/11/18 18:25,0,2016/4/7 14:16,,,0
2011,2,2015/11/18 18:50,0,2016/4/7 14:16,,,0
2012,2,2015/11/18 18:58,0,2016/4/7 14:16,,,0
2016,3,2015/11/18 19:32,0,2016/4/7 14:16,,,0
2021,2,2015/11/18 20:06,0,2016/7/23 0:03,1,6.27451,0
2022,2,2015/11/18 20:18,0,2016/4/7 14:16,1,0,0
2023,3,2015/11/18 20:19,0,2016/5/21 14:32,,,0
2024,2,2015/11/18 20:21,0,2016/4/16 14:35,8,80.784314,0
2026,2,2015/11/18 20:25,0,2016/4/7 14:16,29,198.431373,0
2027,3,2015/11/18 20:29,0,2016/4/7 14:16,11,62.870588,0
2028,3,2015/11/18 20:37,0,2016/4/7 14:16,9,79.529412,0
2036,3,2015/11/18 21:07,0,2016/4/7 14:16,3,24.235294,0
2041,3,2015/11/18 21:28,0,2016/4/7 14:16,,,0
2042,3,2015/11/18 21:34,0,2016/4/7 14:16,,,0
2049,2,2015/11/18 22:17,0,2016/4/7 14:16,1,4.705882,0
2050,3,2015/11/18 22:24,0,2016/4/26 18:29,7,52.611765,0
2052,3,2015/11/18 22:38,0,2016/4/7 14:16,,,0
2053,2,2015/11/18 23:01,0,2018/2/28 19:53,2,8.564706,0
2054,2,2015/11/18 23:01,0,2016/4/7 14:16,1,0,0
2056,2,2015/11/18 23:16,0,2016/4/7 14:16,2,3.137255,0
2057,2,2015/11/18 23:30,0,2016/4/7 14:16,2,13.333333,0
2058,2,2015/11/19 0:06,0,2016/6/28 15:57,7,64.705882,0
2060,2,2015/11/19 0:31,1,2018/9/17 1:52,201,896.777255,1
2062,3,2015/11/19 0:41,0,2017/7/26 17:57,,,0
2069,2,2015/11/19 1:57,0,2016/11/29 17:01,1,4.705882,0
2070,2,2015/11/19 1:58,0,2016/4/7 14:16,1,3.921569,0
2074,2,2015/11/19 2:26,0,2016/4/7 14:16,4,48.627451,0
2075,2,2015/11/19 2:26,0,2016/4/7 14:16,,,0
2076,2,2015/11/19 2:35,0,2017/3/25 1:22,15,109.686275,0
2077,3,2015/11/19 2:40,0,2016/4/7 14:16,,,0
2078,2,2015/11/19 2:53,0,2018/9/13 15:01,13,88.781569,0
2079,2,2015/11/19 3:05,0,2016/4/7 14:16,2,14.117647,0
2082,3,2015/11/19 3:39,0,2017/3/22 2:06,,,0
2083,2,2017/6/11 2:00,0,2017/6/26 15:56,1,2.52549,0
2085,2,2015/11/19 4:06,1,2018/10/5 13:02,282,773.08549,1
2086,2,2015/11/19 4:09,0,2018/10/5 12:55,7,43.945882,1
2087,2,2015/11/19 5:08,0,2016/4/7 14:16,,,0
2088,2,2015/11/19 5:18,0,2018/8/21 14:34,2,6.27451,0
2089,2,2015/11/19 5:19,0,2016/4/18 20:44,2,18.039216,0
2090,2,2015/11/19 5:28,0,2016/4/7 14:16,,,0
2092,2,2015/11/19 5:36,0,2017/11/20 14:15,28,125.446275,0
2094,2,2015/11/19 6:00,0,2017/3/31 14:03,10,56.345098,0
2095,2,2015/11/19 6:36,0,2018/9/28 15:43,8,26.627451,0
2096,2,2015/11/19 10:15,0,2016/4/7 14:16,2,3.137255,0
2097,2,2015/11/19 11:12,0,2017/11/19 16:16,,,0
2098,2,2015/11/19 11:56,0,2016/4/7 14:16,,,0
2100,2,2015/11/19 13:21,0,2016/4/7 14:16,1,3.921569,0
2101,2,2015/11/19 13:23,0,2016/4/7 14:16,,,0
2102,2,2015/11/19 13:33,0,2016/4/7 14:16,11,112.156863,0
2104,3,2015/11/19 14:03,0,2016/4/7 14:16,3,16.705882,0
2105,2,2015/11/19 14:18,0,2016/4/7 14:16,,,0
